City_ID,City,Country,Lat,Lng,Max Temp,Humidity,Cloudiness,Wind Speed,Current Description
0,Dikson,RU,73.51,80.55,45.61,96,100,6.98,overcast clouds
1,Georgetown,MY,5.41,100.34,86.0,66,20,4.7,few clouds
2,Norman Wells,CA,65.28,-126.83,33.8,71,20,5.82,few clouds
3,Dingle,PH,11.0,122.67,76.68,87,100,2.62,overcast clouds
4,Fowa,NG,8.92,6.4,84.07,67,95,5.79,overcast clouds
5,Mogadishu,SO,2.04,45.34,82.4,65,75,16.11,broken clouds
6,Ushuaia,AR,-54.8,-68.3,28.4,92,90,5.82,snow
7,Omboue,GA,-1.57,9.26,77.76,77,99,12.17,overcast clouds
8,Punta Arenas,CL,-53.15,-70.92,37.0,77,75,21.92,light intensity shower rain
9,Bredasdorp,ZA,-34.53,20.04,51.8,50,98,8.05,overcast clouds
10,Iqaluit,CA,63.75,-68.51,50.0,76,75,19.46,broken clouds
11,Cururupu,BR,-1.83,-44.87,86.11,62,83,10.33,broken clouds
12,Hobart,AU,-42.88,147.33,55.0,71,96,6.93,overcast clouds
13,Lompoc,US,34.64,-120.46,55.4,93,90,4.7,overcast clouds
14,Lebu,CL,-37.62,-73.65,45.23,62,2,14.41,clear sky
15,Kruisfontein,ZA,-34.0,24.73,54.0,64,35,15.01,scattered clouds
16,Belle Fourche,US,44.67,-103.85,60.01,58,1,3.24,clear sky
17,Kodiak,US,57.79,-152.41,50.0,87,1,4.7,clear sky
18,Sault Sainte Marie,CA,46.52,-84.33,64.4,82,90,6.93,overcast clouds
19,Shuyskoye,RU,59.37,41.03,60.6,91,41,9.08,light rain
20,Roald,NO,62.58,6.13,55.99,71,75,13.87,broken clouds
21,Bluff,NZ,-46.6,168.33,45.0,72,100,11.01,light rain
22,Te Anau,NZ,-45.42,167.72,47.84,83,100,8.39,overcast clouds
23,Albany,US,42.6,-73.97,70.0,92,100,5.99,overcast clouds
24,Shimoda,JP,34.67,138.95,75.0,93,0,1.01,clear sky
25,Alvaraes,BR,-3.22,-64.8,78.8,94,40,4.7,scattered clouds
26,Cape Town,ZA,-33.93,18.42,54.0,54,75,19.46,broken clouds
27,La Paz,BO,-16.5,-68.15,50.0,23,54,4.7,broken clouds
28,Arraial Do Cabo,BR,-22.97,-42.03,77.0,69,0,19.46,clear sky
29,Zonguldak,TR,41.25,31.83,86.0,37,0,13.87,clear sky
30,Mount Isa,AU,-20.73,139.5,57.2,33,0,6.93,clear sky
31,Baracoa,CU,20.35,-74.5,83.34,79,70,7.11,broken clouds
32,Khatanga,RU,71.97,102.5,53.73,64,97,8.66,overcast clouds
33,North Bend,US,43.41,-124.22,57.99,93,40,11.41,scattered clouds
34,Geraldton,AU,-28.77,114.6,50.0,87,0,8.05,clear sky
35,Pacific Grove,US,36.62,-121.92,59.0,82,90,3.24,overcast clouds
36,Katherine,AU,-14.47,132.27,78.8,41,56,11.41,broken clouds
37,Shelburne,CA,44.08,-80.2,73.99,78,75,6.93,broken clouds
38,Ahipara,NZ,-35.17,173.17,51.48,86,0,3.53,clear sky
39,Comodoro Rivadavia,AR,-45.87,-67.5,37.4,44,0,16.11,clear sky
40,Huarmey,PE,-10.07,-78.15,64.2,77,80,6.89,broken clouds
41,Kununurra,AU,-15.77,128.73,64.4,21,0,2.24,clear sky
42,Hilo,US,19.73,-155.09,71.6,83,75,4.7,light rain
43,Quelimane,MZ,-17.88,36.89,87.01,58,43,9.17,scattered clouds
44,Busselton,AU,-33.65,115.33,46.0,63,0,7.11,clear sky
45,New Norfolk,AU,-42.78,147.06,52.0,60,73,3.51,broken clouds
46,Saint-Francois,FR,46.42,3.91,73.4,40,30,4.7,scattered clouds
47,Ilhabela,BR,-23.78,-45.36,79.43,57,0,3.02,clear sky
48,Carnarvon,AU,-24.87,113.63,64.4,77,0,17.22,clear sky
49,Saint-Pierre,RE,-21.34,55.48,73.4,69,14,17.22,few clouds
50,Del Rio,US,29.36,-100.9,84.2,66,1,9.17,clear sky
51,Yellowknife,CA,62.46,-114.35,46.4,100,90,16.11,light rain
52,Teahupoo,PF,-17.83,-149.27,73.4,83,20,3.36,few clouds
53,Mataura,NZ,-46.19,168.86,45.0,72,100,11.01,overcast clouds
54,Adrar,MR,20.5,-10.07,107.46,7,0,16.75,clear sky
55,East London,ZA,-33.02,27.91,59.0,67,20,26.4,few clouds
56,Traiguen,CL,-38.25,-72.68,40.1,81,5,4.47,clear sky
57,Tommot,RU,58.96,126.29,55.15,60,100,4.54,overcast clouds
58,Sidrolandia,BR,-20.93,-54.96,86.0,25,0,16.11,clear sky
59,Havelock,US,34.88,-76.9,87.01,74,1,10.29,clear sky
60,Hay River,CA,60.82,-115.8,48.2,100,90,4.7,fog
61,Avarua,CK,-21.21,-159.78,71.6,83,3,11.41,clear sky
62,Atuona,PF,-9.8,-139.03,78.21,80,16,19.66,light rain
63,Anchorage,US,61.22,-149.9,51.8,70,1,4.7,clear sky
64,Guerrero Negro,MX,27.98,-114.06,75.27,73,0,7.11,clear sky
65,Ulaangom,MN,49.98,92.07,57.56,56,100,12.03,overcast clouds
66,Jamestown,US,42.1,-79.24,73.0,94,90,11.41,moderate rain
67,Rikitea,PF,-23.12,-134.97,69.15,69,100,6.22,overcast clouds
68,Abbeville,FR,50.1,1.83,59.0,75,99,10.78,light rain
69,Saint-Augustin,CA,51.23,-58.65,61.05,55,73,9.01,broken clouds
70,Great Yarmouth,GB,52.61,1.73,57.99,99,98,1.01,light rain
71,Karratha,AU,-20.74,116.85,77.97,47,0,4.18,clear sky
72,Morro Bay,US,35.37,-120.85,64.0,98,8,1.57,clear sky
73,Batagay,RU,67.63,134.63,46.67,55,2,4.65,clear sky
74,Narsaq,GL,60.92,-46.05,60.8,31,75,16.11,broken clouds
75,Puerto Ayora,EC,-0.74,-90.35,65.79,84,100,10.87,overcast clouds
76,Kapaa,US,22.08,-159.32,72.0,59,22,10.65,light rain
77,San Rafael,AR,-34.62,-68.33,50.76,47,0,12.75,clear sky
78,Nikolskoye,RU,59.7,30.79,62.6,67,75,2.95,broken clouds
79,Vaini,TO,-21.2,-175.2,73.4,88,20,9.17,few clouds
80,Longyearbyen,SJ,78.22,15.64,41.0,89,75,19.46,broken clouds
81,Shakawe,BW,-18.37,21.85,93.4,14,31,6.67,scattered clouds
82,Cayenne,GF,4.93,-52.33,82.4,78,90,5.82,overcast clouds
83,Dungarvan,IE,52.09,-7.63,60.01,62,67,7.0,broken clouds
84,Tutoia,BR,-2.76,-42.27,88.38,50,23,11.86,few clouds
85,Mount Gambier,AU,-37.83,140.77,62.6,29,100,23.04,overcast clouds
86,Tuktoyaktuk,CA,69.45,-133.04,39.2,93,75,10.29,broken clouds
87,Nuuk,GL,64.18,-51.72,55.4,71,75,2.24,broken clouds
88,Vila Velha,BR,-20.33,-40.29,78.8,69,75,10.29,broken clouds
89,Les Cayes,HT,18.2,-73.75,85.62,70,0,3.47,clear sky
90,Mar Del Plata,AR,-38.0,-57.56,52.0,71,100,9.17,overcast clouds
91,Heihe,CN,50.24,127.49,60.8,67,40,6.71,scattered clouds
92,Camana,PE,-16.62,-72.71,61.97,79,94,12.21,overcast clouds
93,Torbay,CA,47.67,-52.73,64.0,63,40,23.04,scattered clouds
94,Caxito,AO,-8.58,13.66,75.2,73,75,11.41,broken clouds
95,Victoria,HK,22.29,114.16,87.01,66,7,5.01,clear sky
96,Kahului,US,20.89,-156.47,77.0,69,20,10.29,few clouds
97,Mahebourg,MU,-20.41,57.7,71.6,83,75,12.75,shower rain
98,Kavieng,PG,-2.57,150.8,81.37,78,36,10.85,scattered clouds
99,Fortuna,US,40.6,-124.16,55.0,93,90,3.36,overcast clouds
100,Kawanoe,JP,34.02,133.57,84.99,79,0,2.3,clear sky
101,Muravlenko,RU,63.79,74.52,61.63,72,58,15.32,broken clouds
102,Warrnambool,AU,-38.38,142.48,55.0,67,61,11.99,broken clouds
103,Port Alfred,ZA,-33.59,26.89,59.67,52,20,29.57,few clouds
104,Kaeo,NZ,-35.1,173.78,46.0,3,0,2.98,clear sky
105,Hithadhoo,MV,-0.6,73.08,82.8,75,100,14.5,overcast clouds
106,Palera,IN,25.02,79.23,77.61,87,18,2.3,few clouds
107,Marawi,PH,8.0,124.29,75.99,91,100,3.0,light rain
108,Cortez,US,37.35,-108.59,64.4,63,1,8.05,clear sky
109,Jalu,LY,29.03,21.55,100.29,16,0,7.63,clear sky
110,Upernavik,GL,72.79,-56.15,41.0,63,0,7.47,clear sky
111,Airai,TL,-8.93,125.41,54.91,99,35,3.69,scattered clouds
112,Havre-Saint-Pierre,CA,50.23,-63.6,57.2,62,1,14.99,clear sky
113,Nanortalik,GL,60.14,-45.24,52.27,66,96,9.01,overcast clouds
114,Buzuluk,RU,52.78,52.26,67.42,68,100,10.94,light rain
115,Namatanai,PG,-3.67,152.43,79.54,81,67,8.5,broken clouds
116,Hermanus,ZA,-34.42,19.23,54.0,56,82,5.01,broken clouds
117,Zyryanka,RU,65.75,150.85,37.02,91,0,3.83,clear sky
118,Xam Nua,LA,20.42,104.04,69.91,84,99,2.15,light rain
119,Nome,US,64.5,-165.41,54.0,87,90,5.82,overcast clouds
120,Salamiyah,SY,35.01,37.05,102.52,9,0,6.8,clear sky
121,Tuatapere,NZ,-46.13,167.68,45.0,72,100,11.01,overcast clouds
122,Ghatsila,IN,22.6,86.48,83.66,73,31,2.91,scattered clouds
123,Ambilobe,MG,-13.2,49.05,82.81,46,0,3.36,clear sky
124,Bathsheba,BB,13.22,-59.52,82.4,83,40,18.34,shower rain
125,Paka,MY,4.64,103.44,82.4,88,98,8.48,light rain
126,Noyabrsk,RU,63.2,75.45,62.06,70,30,4.88,scattered clouds
127,Zhuhai,CN,22.28,113.57,90.0,79,15,11.41,few clouds
128,Poronaysk,RU,49.22,143.12,52.16,82,100,5.99,overcast clouds
129,Catamarca,AR,-28.47,-65.79,63.0,44,79,4.0,broken clouds
130,Byron Bay,AU,-28.65,153.62,59.0,87,75,3.36,broken clouds
131,Saint-Philippe,RE,-21.36,55.77,73.4,69,46,17.22,light rain
132,Barrow,US,71.29,-156.79,37.4,90,90,19.46,overcast clouds
133,Khuzhir,RU,53.19,107.34,54.5,92,100,11.21,light rain
134,Martorell,ES,41.47,1.93,75.99,50,40,6.93,scattered clouds
135,Huron,US,41.15,-82.55,72.0,91,78,3.0,broken clouds
136,Lima,PE,-12.04,-77.03,59.0,87,90,2.24,light intensity drizzle
137,Maniwaki,CA,46.38,-75.97,55.18,97,100,5.79,light rain
138,Emerald,AU,-23.53,148.17,64.4,68,0,12.75,clear sky
139,Ancud,CL,-41.87,-73.82,50.0,96,66,4.0,broken clouds
140,Naze,JP,28.37,129.48,84.2,89,54,4.7,broken clouds
141,Flin Flon,CA,54.77,-101.86,59.0,87,40,5.82,scattered clouds
142,Pangai,TO,-19.8,-174.35,76.42,71,100,22.55,overcast clouds
143,Port Blair,IN,11.67,92.75,83.12,78,58,8.19,broken clouds
144,San Patricio,MX,19.22,-104.7,77.47,83,57,5.41,broken clouds
145,Esperance,AU,-33.87,121.9,50.0,87,90,6.93,overcast clouds
146,Mananjary,MG,-21.22,48.33,74.3,72,1,9.01,clear sky
147,Banda Aceh,ID,5.56,95.32,81.54,75,100,0.29,light rain
148,Hobyo,SO,5.35,48.53,80.58,68,1,28.27,clear sky
149,Sawtell,AU,-30.38,153.1,52.0,93,19,5.5,few clouds
150,Qaanaaq,GL,77.48,-69.36,38.57,69,0,4.74,clear sky
151,Mabaruma,GY,8.2,-59.78,84.78,77,84,2.1,moderate rain
152,Pumiao,CN,22.75,108.48,84.2,74,0,2.24,clear sky
153,Shache,CN,38.42,77.24,73.89,26,0,8.43,clear sky
154,Moerai,PF,-22.43,-151.33,69.04,76,12,19.28,few clouds
155,Inhambane,MZ,-23.86,35.38,78.01,83,75,29.97,broken clouds
156,Daru,PG,-9.08,143.21,77.74,89,100,16.42,light rain
157,Lensk,RU,60.73,114.93,53.38,93,100,4.05,overcast clouds
158,Chernyshevskiy,RU,63.01,112.47,51.33,86,12,0.36,few clouds
159,Leningradskiy,RU,69.38,178.42,36.57,93,100,7.65,overcast clouds
160,Puerto Ayacucho,VE,5.66,-67.62,82.4,74,40,3.36,scattered clouds
161,La Orotava,ES,28.39,-16.52,77.0,94,75,23.04,light rain
162,Faanui,PF,-16.48,-151.75,77.05,81,37,25.34,light rain
163,Butaritari,KI,3.07,172.79,82.4,73,5,13.33,clear sky
164,Arman,RU,59.7,150.17,44.46,66,2,10.4,clear sky
165,Douglas,US,41.3,-96.17,66.99,68,1,5.82,clear sky
166,Yerofey Pavlovich,RU,53.97,121.97,48.15,77,100,3.98,overcast clouds
167,Cidreira,BR,-30.18,-50.21,70.57,69,88,5.97,overcast clouds
168,Tolaga Bay,NZ,-38.37,178.3,52.27,72,0,6.17,clear sky
169,Dekar,BW,-21.53,21.93,81.03,16,93,10.31,overcast clouds
170,Batagay-Alyta,RU,67.8,130.41,46.92,64,97,1.68,overcast clouds
171,Santa Luzia,BR,-19.77,-43.85,73.4,49,40,8.05,scattered clouds
172,Khambhat,IN,22.3,72.62,82.4,94,75,9.17,haze
173,Mtwara,TZ,-10.27,40.18,78.8,69,75,8.05,broken clouds
174,Rio Grande,BR,-32.03,-52.1,63.0,100,90,2.24,mist
175,Roquetas De Mar,ES,36.76,-2.61,78.8,50,0,34.45,clear sky
176,Grand-Bourg,GP,15.88,-61.31,87.8,83,75,4.7,broken clouds
177,Touros,BR,-5.2,-35.46,84.2,66,75,18.34,broken clouds
178,College,US,64.86,-147.8,48.2,100,90,3.36,fog
179,Intipuca,SV,13.2,-88.05,82.51,71,38,2.3,scattered clouds
180,Souillac,MU,-20.52,57.52,71.6,83,75,12.75,shower rain
181,Sitka,US,57.05,-135.33,48.2,93,40,2.93,scattered clouds
182,Minusio,CH,46.18,8.81,73.4,82,75,5.82,broken clouds
183,Sakakah,SA,29.97,40.21,107.6,6,0,5.82,clear sky
184,Tasiilaq,GL,65.61,-37.64,42.8,70,75,29.97,light rain
185,Hami,CN,42.8,93.45,74.19,23,0,9.64,clear sky
186,Miramar,US,25.99,-80.23,90.0,70,40,3.36,scattered clouds
187,Pisco,PE,-13.7,-76.22,61.0,82,90,4.7,overcast clouds
188,Harper,LR,4.38,-7.72,79.11,77,95,14.88,light rain
189,Klaksvik,FO,62.23,-6.59,53.6,71,40,6.93,scattered clouds
190,Homer,US,59.64,-151.55,51.01,90,46,8.99,scattered clouds
191,Chumikan,RU,54.72,135.31,53.55,62,0,3.38,clear sky
192,Knysna,ZA,-34.04,23.05,46.4,75,20,16.11,few clouds
193,Axim,GH,4.87,-2.24,80.17,71,93,12.77,overcast clouds
194,Melilla,ES,35.29,-2.94,82.4,54,0,19.46,clear sky
195,Juegang,CN,32.32,121.19,82.99,58,100,7.78,light rain
196,Xining,CN,36.62,101.77,51.76,83,100,0.92,light rain
197,Devarkonda,IN,16.7,78.93,80.96,76,100,6.31,overcast clouds
198,Vestmanna,FO,62.16,-7.17,53.6,71,40,6.93,scattered clouds
199,Aklavik,CA,68.22,-135.01,37.4,100,40,2.24,scattered clouds
200,Batemans Bay,AU,-35.72,150.18,48.99,93,0,1.01,clear sky
201,Crepy-En-Valois,FR,49.23,2.89,63.0,87,75,9.17,heavy intensity shower rain
202,East Brainerd,US,35.0,-85.15,78.01,88,92,3.0,light rain
203,Vostok,RU,46.49,135.88,50.13,100,100,7.27,moderate rain
204,Vila Franca Do Campo,PT,37.72,-25.43,77.0,88,20,18.34,few clouds
205,Saskylakh,RU,71.92,114.08,54.43,60,100,4.43,overcast clouds
206,Alim,PH,9.56,122.49,82.06,79,100,7.14,overcast clouds
207,Antalaha,MG,-14.9,50.28,75.49,70,1,11.21,clear sky
208,Ribeira Grande,PT,38.52,-28.7,80.6,83,20,12.75,few clouds
209,Puerto Pailas,BO,-17.67,-62.79,82.4,65,0,14.99,clear sky
210,Ketchikan,US,55.34,-131.65,55.4,93,90,4.7,light rain
211,Saint-Joseph,RE,-21.37,55.62,73.4,69,28,17.22,scattered clouds
212,Fort Nelson,CA,58.81,-122.7,42.8,93,90,10.29,mist
213,Socorro,US,31.65,-106.3,81.0,32,40,11.41,scattered clouds
214,Lavrentiya,RU,65.58,-171.0,47.34,80,99,8.48,overcast clouds
215,Changli,CN,39.7,119.15,69.62,91,0,2.35,clear sky
216,Anderson,US,34.53,-82.65,80.01,83,90,12.75,overcast clouds
217,Fallon,US,39.47,-118.78,59.0,38,1,4.7,clear sky
218,Oni,GE,42.58,43.44,76.08,46,1,4.25,clear sky
219,Bengkulu,ID,-3.8,102.27,78.89,85,70,7.74,broken clouds
220,Westerly,US,41.38,-71.83,73.4,83,90,8.05,light rain
221,Gibsons,CA,49.4,-123.5,55.99,83,100,1.99,overcast clouds
222,Paoua,CF,7.24,16.44,75.33,81,100,5.57,overcast clouds
223,Komsomolskiy,UZ,40.43,71.72,86.0,27,0,6.93,clear sky
224,Kachug,RU,53.96,105.88,56.89,89,100,1.77,overcast clouds
225,Tiksi,RU,71.69,128.87,43.32,82,0,6.53,clear sky
226,Castro-Urdiales,ES,43.38,-3.22,68.0,72,75,12.75,light rain
227,Los Llanos De Aridane,ES,28.66,-17.92,80.6,69,20,17.22,few clouds
228,Busok,PH,6.51,124.6,76.21,82,100,3.36,overcast clouds
229,Renqiu,CN,38.7,116.09,76.73,75,9,8.03,clear sky
230,Lagoa,PT,39.05,-27.98,74.46,93,76,11.95,broken clouds
231,Itarema,BR,-2.92,-39.92,91.4,49,40,29.97,scattered clouds
232,Beira,MZ,-19.84,34.84,80.6,74,0,16.11,smoke
233,Oranjemund,NA,-28.55,16.43,56.82,58,27,12.91,scattered clouds
234,Yar-Sale,RU,66.83,70.83,49.89,58,0,11.41,clear sky
235,Wuxue,CN,29.85,115.55,75.25,81,0,3.85,clear sky
236,Ayagoz,KZ,47.97,80.44,63.43,40,0,13.87,clear sky
237,Gravdal,NO,68.12,13.5,49.84,68,94,5.23,overcast clouds
238,Anori,BR,-3.77,-61.64,93.51,46,0,2.46,clear sky
239,Dunedin,NZ,-45.87,170.5,55.0,73,70,14.67,broken clouds
240,Port Lincoln,AU,-34.73,135.87,57.99,81,91,16.67,overcast clouds
241,Acapulco,MX,16.86,-99.89,77.0,94,75,4.7,broken clouds
242,Vega De Alatorre,MX,20.03,-96.63,81.9,73,87,1.9,overcast clouds
243,Merauke,ID,-8.47,140.33,78.6,83,100,17.16,light rain
244,Tevriz,RU,57.51,72.4,62.83,76,85,3.27,overcast clouds
245,Kaniama,CD,-7.57,24.18,91.8,31,26,2.26,scattered clouds
246,Korla,CN,41.76,86.15,71.01,81,0,5.99,clear sky
247,Warragul,AU,-38.17,145.93,48.99,66,0,1.99,clear sky
248,Blagoyevo,RU,63.37,47.92,61.45,61,86,6.69,overcast clouds
249,Bud,US,39.45,-86.18,75.99,78,75,8.05,broken clouds
250,Palmer,US,42.16,-72.33,70.0,100,90,2.21,light rain
251,Waipawa,NZ,-41.41,175.52,55.4,76,1,17.22,clear sky
252,Oksfjord,NO,70.24,22.35,53.6,66,97,9.17,overcast clouds
253,Takab,IR,36.4,47.11,84.61,14,2,8.14,clear sky
254,Necochea,AR,-38.55,-58.74,48.99,77,92,17.0,overcast clouds
255,Labuhan,ID,-6.88,112.21,80.56,77,12,7.52,few clouds
256,Sao Filipe,CV,14.9,-24.5,80.87,79,100,3.36,overcast clouds
257,Constitucion,CL,-35.33,-72.42,51.55,81,38,5.41,scattered clouds
258,Carballo,ES,43.21,-8.69,66.2,63,40,12.75,scattered clouds
259,Birjand,IR,32.87,59.22,84.2,6,0,13.87,clear sky
260,Znin,PL,52.85,17.72,75.0,53,20,13.87,few clouds
261,Dolores,AR,-36.31,-57.68,59.16,58,97,14.88,overcast clouds
262,Monroe,US,43.15,-77.68,75.99,88,75,8.05,broken clouds
263,Baghdad,IQ,33.34,44.4,111.2,13,0,18.34,clear sky
264,Cuamba,MZ,-14.8,36.54,92.53,17,97,5.91,overcast clouds
265,Kapoeta,SS,4.77,33.59,87.3,44,58,8.52,broken clouds
266,Biak,ID,-0.91,122.88,77.18,76,90,6.76,overcast clouds
267,Maine-Soroa,NE,13.21,12.02,91.33,45,22,10.8,few clouds
268,Qui Nhon,VN,13.77,109.23,81.79,82,71,4.56,broken clouds
269,Pyay,MM,18.82,95.22,79.66,86,100,5.64,overcast clouds
270,Honningsvag,NO,70.98,25.97,47.88,74,37,7.63,scattered clouds
271,Luderitz,NA,-26.65,15.16,59.65,53,37,22.55,scattered clouds
272,Chokurdakh,RU,70.63,147.92,38.55,92,100,4.85,overcast clouds
273,Wenling,CN,28.37,121.36,86.0,87,100,0.67,overcast clouds
274,Bilibino,RU,68.05,166.44,44.13,82,100,5.88,overcast clouds
275,Coxim,BR,-18.51,-54.76,95.65,11,0,8.25,clear sky
276,Kaitangata,NZ,-46.28,169.85,53.01,70,100,14.0,overcast clouds
277,Itupiranga,BR,-5.13,-49.33,87.8,66,40,4.7,scattered clouds
278,Iranshahr,IR,27.2,60.68,105.8,6,31,16.11,scattered clouds
279,Sao Gotardo,BR,-19.31,-46.05,80.01,49,0,5.99,clear sky
280,Urubamba,PE,-13.3,-72.12,55.4,47,40,4.12,scattered clouds
281,Clyde River,CA,70.47,-68.59,48.2,81,20,17.22,few clouds
282,Shubarkuduk,KZ,49.14,56.49,88.27,18,82,8.3,broken clouds
283,Praia Da Vitoria,PT,38.73,-27.07,80.6,78,40,14.94,scattered clouds
284,Cabo San Lucas,MX,22.89,-109.91,79.0,92,100,1.99,moderate rain
285,Sao Joao Da Barra,BR,-21.64,-41.05,78.8,65,20,9.17,few clouds
286,Zhangye,CN,38.93,100.45,56.16,75,99,11.63,light rain
287,Berea,US,41.37,-81.85,72.0,88,90,13.87,overcast clouds
288,Brookhaven,US,31.58,-90.44,81.0,96,14,3.85,few clouds
289,Tam Ky,VN,15.57,108.48,80.6,78,20,5.82,few clouds
290,Mogadouro,PT,41.34,-6.71,71.01,38,87,10.0,overcast clouds
291,Toora-Khem,RU,52.47,96.11,50.25,92,100,3.31,light rain
292,Mandurah,AU,-32.55,115.7,52.0,67,0,10.29,clear sky
293,Nzerekore,GN,7.76,-8.82,76.53,88,84,4.99,moderate rain
294,Balsta,SE,59.57,17.53,59.0,87,100,10.29,light rain
295,Gat,IL,31.61,34.76,90.0,48,0,1.99,clear sky
296,Saint George,US,37.1,-113.58,82.4,21,1,5.82,clear sky
297,Gumla,IN,23.05,84.55,74.53,90,2,6.6,clear sky
298,Vestmannaeyjar,IS,63.44,-20.27,53.6,76,40,6.93,scattered clouds
299,Olinda,BR,-8.01,-34.86,84.2,70,40,11.41,scattered clouds
300,Abonnema,NG,4.71,6.79,84.2,70,75,10.29,thunderstorm
301,Port Elizabeth,ZA,-33.92,25.57,57.2,54,20,25.28,few clouds
302,Husavik,IS,66.04,-17.34,53.6,71,75,12.75,broken clouds
303,Avera,US,33.19,-82.53,82.4,83,40,11.41,scattered clouds
304,Bethel,US,41.37,-73.41,72.0,94,90,5.82,moderate rain
305,Ponta Delgada,PT,37.73,-25.67,77.0,88,20,18.34,few clouds
306,Ust-Shonosha,RU,61.15,41.34,59.68,92,100,2.75,light rain
307,Najran,SA,17.49,44.13,98.6,14,40,9.17,scattered clouds
308,Oyama,JP,36.3,139.8,89.01,88,75,8.05,broken clouds
309,Dubbo,AU,-32.25,148.62,44.6,93,0,11.41,clear sky
310,Petropavlovsk-Kamchatskiy,RU,53.05,158.65,44.6,100,40,2.24,fog
311,Edeia,BR,-17.34,-49.93,87.49,22,0,7.99,clear sky
312,Puerto Del Rosario,ES,28.5,-13.86,77.0,83,75,19.46,broken clouds
313,Koping,SE,59.51,15.99,59.0,87,100,11.41,drizzle
314,Opuwo,NA,-18.06,13.84,82.09,14,0,16.37,clear sky
315,Koumac,NC,-20.57,164.28,66.13,78,81,18.07,broken clouds
316,Saint Anthony,US,45.02,-93.22,66.0,63,1,6.93,clear sky
317,Hihya,EG,30.67,31.59,93.2,44,40,10.29,scattered clouds
318,Teknaf,BD,20.86,92.31,81.37,87,59,5.32,broken clouds
319,Sampit,ID,-2.53,112.95,76.71,84,5,4.03,clear sky
320,Saint-Paul,RE,-21.01,55.27,73.4,69,21,21.92,few clouds
321,Sawai Madhopur,IN,25.98,76.37,83.41,75,45,8.81,light rain
322,Seymchan,RU,62.88,152.43,42.1,73,99,7.02,overcast clouds
323,Coihaique,CL,-45.58,-72.07,35.6,64,40,3.36,scattered clouds
324,Ambalema,CO,4.78,-74.76,59.0,62,75,4.7,broken clouds
325,Locri,IT,38.24,16.26,88.0,66,0,17.22,clear sky
326,Castro,BR,-24.79,-50.01,76.01,48,0,6.73,clear sky
327,Siyabuswa,ZA,-25.11,29.04,85.84,19,99,18.16,overcast clouds
328,Vao,NC,-22.67,167.48,67.48,74,10,17.49,clear sky
329,Quatre Cocos,MU,-20.21,57.76,73.0,83,75,12.75,shower rain
330,Isangel,VU,-19.55,169.27,73.31,86,96,20.09,overcast clouds
331,Cabedelo,BR,-6.98,-34.83,77.0,83,75,11.41,broken clouds
332,San Cristobal,VE,7.77,-72.22,78.8,74,40,2.24,scattered clouds
333,Tautira,PF,-17.73,-149.15,73.4,83,20,3.36,few clouds
334,Margate,GB,51.38,1.39,61.0,80,67,8.01,light rain
335,Jackson,US,42.42,-122.83,59.0,62,1,3.36,clear sky
336,Joshimath,IN,30.57,79.57,66.52,59,49,0.83,light rain
337,Saldanha,ZA,-33.01,17.94,53.6,46,42,16.11,scattered clouds
338,Buchanan,LR,5.88,-10.05,79.14,82,88,14.85,light rain
339,Grootfontein,NA,-19.57,18.12,81.27,18,93,18.52,overcast clouds
340,Gazojak,TM,41.19,61.4,90.43,12,0,13.27,clear sky
341,Burnie,AU,-41.07,145.92,46.0,89,1,1.32,clear sky
342,Ajuchitlan,MX,20.72,-100.02,62.55,87,33,2.64,scattered clouds
343,Kargil,IN,34.57,76.1,64.62,28,64,8.3,broken clouds
344,Zolochiv,UA,49.81,24.89,84.2,45,89,11.18,overcast clouds
345,Thinadhoo,MV,0.53,72.93,83.84,70,99,9.64,overcast clouds
346,Ixtapa,MX,20.7,-105.2,78.01,88,90,3.36,overcast clouds
347,Port Hueneme,US,34.15,-119.2,62.6,87,90,5.12,overcast clouds
348,Gorontalo,ID,0.54,123.06,76.03,78,100,3.4,overcast clouds
349,Marrakesh,MA,31.63,-8.01,86.0,35,20,8.05,few clouds
350,Cananea,MX,30.95,-110.3,72.0,61,61,1.01,light rain
351,Tiznit,MA,29.58,-9.5,80.64,42,0,11.07,clear sky
352,Kolokani,ML,13.57,-8.03,82.18,73,60,11.65,broken clouds
353,Nichinan,JP,31.6,131.37,80.01,83,0,1.99,clear sky
354,Linxia,CN,35.6,103.21,51.91,86,100,2.73,moderate rain
355,Nabire,ID,-3.37,135.48,76.1,91,100,5.55,moderate rain
356,Mukhen,RU,48.1,136.1,59.95,69,100,5.5,overcast clouds
357,Port Macquarie,AU,-31.43,152.92,46.99,93,6,5.3,clear sky
358,Jumla,NP,29.27,82.18,62.02,71,72,0.45,broken clouds
359,Kardymovo,RU,54.89,32.43,64.31,70,83,6.51,broken clouds
360,Yumen,CN,40.28,97.2,61.25,44,41,6.49,scattered clouds
361,Rodrigues Alves,BR,-7.74,-72.65,85.3,56,0,3.36,clear sky
362,Birnin Kebbi,NG,12.45,4.2,84.74,66,72,14.03,light rain
363,Santa Cruz,BO,-17.8,-63.17,82.4,58,1,13.87,clear sky
364,Natitingou,BJ,10.3,1.38,77.0,78,75,9.17,broken clouds
365,Volchikha,RU,52.03,80.38,63.21,53,5,2.77,clear sky
366,Camopi,GF,3.17,-52.32,83.48,77,93,4.54,light rain
367,Whitianga,NZ,-36.83,175.7,45.0,96,1,4.61,clear sky
368,Clearwater,US,27.97,-82.8,89.01,74,75,4.7,broken clouds
369,Cherskiy,RU,68.75,161.3,35.94,97,90,6.15,overcast clouds
370,Grand Gaube,MU,-20.01,57.66,73.0,72,1,11.01,clear sky
371,Salym,RU,60.06,71.48,60.46,84,0,4.38,clear sky
372,Russell,US,32.35,-85.2,80.6,83,75,9.17,broken clouds
373,Vanavara,RU,60.34,102.28,54.18,77,0,2.86,clear sky
374,Alice Springs,AU,-23.7,133.88,57.2,17,22,5.08,few clouds
375,Port Hardy,CA,50.7,-127.42,48.2,93,40,5.82,scattered clouds
376,Polur,IN,12.5,79.13,87.3,53,85,3.8,overcast clouds
377,Killybegs,IE,54.63,-8.45,57.99,58,75,14.99,broken clouds
378,Palu,ID,-0.89,119.87,75.81,79,53,2.89,broken clouds
379,Altay,CN,47.87,88.12,59.77,52,95,4.52,overcast clouds
380,Aykhal,RU,66.0,111.5,57.2,35,80,4.47,light rain
381,Zhigansk,RU,66.77,123.37,54.37,60,100,8.72,overcast clouds
382,Codrington,AU,-38.27,141.97,60.17,39,100,20.42,overcast clouds
383,Hambantota,LK,6.12,81.12,87.8,62,20,12.75,few clouds
384,Lorengau,PG,-2.02,147.27,81.9,78,44,10.67,scattered clouds
385,Dawlatabad,AF,36.41,64.91,84.42,15,0,8.16,clear sky
386,Beringovskiy,RU,63.05,179.32,50.32,88,100,17.36,light rain
387,Paamiut,GL,61.99,-49.67,44.26,87,100,12.37,overcast clouds
388,Viseu,PT,40.66,-7.91,73.0,37,0,8.01,clear sky
389,Maceio,BR,-9.67,-35.74,80.6,83,75,8.05,broken clouds
390,Haines Junction,CA,60.75,-137.51,46.2,82,98,3.06,overcast clouds
391,Thompson,CA,55.74,-97.86,48.2,93,90,4.7,mist
392,Zaysan,KZ,47.47,84.87,61.29,48,1,7.02,clear sky
393,Tangwani,PK,28.28,69.0,93.2,67,40,11.41,haze
394,Nouadhibou,MR,20.93,-17.03,84.2,66,0,14.99,clear sky
395,Meulaboh,ID,4.14,96.13,80.46,78,100,2.28,light rain
396,Keskin,TR,39.67,33.61,88.05,12,0,8.68,clear sky
397,Desterro,BR,-7.29,-37.09,85.93,41,30,16.89,scattered clouds
398,Shingu,JP,33.73,135.98,77.22,89,0,2.91,clear sky
399,Seoul,KR,37.57,126.98,78.8,100,90,3.13,overcast clouds
400,Kimbe,PG,-5.55,150.14,75.09,88,100,4.56,overcast clouds
401,Richards Bay,ZA,-28.78,32.04,70.9,75,71,7.61,broken clouds
402,Havoysund,NO,71.0,24.66,50.0,61,21,8.05,few clouds
403,Aden,YE,12.78,45.04,88.07,64,73,11.39,broken clouds
404,Charters Towers,AU,-20.1,146.27,58.73,81,8,11.7,clear sky
405,Kyra,RU,49.58,111.98,53.58,90,100,2.95,overcast clouds
406,Loukhi,RU,66.08,33.04,56.66,64,16,4.92,few clouds
407,Alyangula,AU,-13.85,136.42,69.8,88,2,2.24,clear sky
408,Nalut,LY,30.33,10.85,102.38,10,0,4.45,clear sky
409,Hasaki,JP,35.73,140.83,80.6,94,75,6.93,broken clouds
410,Goderich,CA,43.75,-81.72,75.0,67,100,4.0,light rain
411,Provideniya,RU,64.38,-173.3,47.75,87,50,8.75,scattered clouds
412,Ossora,RU,59.24,163.07,45.12,83,91,7.38,overcast clouds
413,Muros,ES,42.78,-9.06,64.0,77,1,5.99,clear sky
414,Olafsvik,IS,64.89,-23.71,52.47,83,100,7.58,overcast clouds
415,Beni Mazar,EG,28.5,30.8,101.97,14,0,9.24,clear sky
416,Severo-Kurilsk,RU,50.68,156.12,50.05,88,99,8.39,overcast clouds
417,Kawambwa,ZM,-9.79,29.08,87.66,21,70,1.79,broken clouds
418,Sur,OM,22.57,59.53,89.74,54,100,11.56,overcast clouds
419,Gerede,TR,40.8,32.2,85.51,18,0,6.93,clear sky
420,Pevek,RU,69.7,170.31,38.75,88,100,2.82,overcast clouds
421,Bambous Virieux,MU,-20.34,57.76,73.0,83,75,12.75,shower rain
422,Hamilton,US,39.18,-84.53,75.0,88,90,6.93,overcast clouds
423,Lasa,IT,46.62,10.7,59.0,100,75,3.36,moderate rain
424,Coolum Beach,AU,-26.53,153.1,60.01,87,74,1.01,broken clouds
425,Venice,US,27.1,-82.45,89.01,70,1,6.93,clear sky
426,Phangnga,TH,8.45,98.53,82.4,78,20,3.36,light rain
427,Carauari,BR,-4.88,-66.9,90.66,52,62,1.81,broken clouds
428,Rio Gallegos,AR,-51.62,-69.22,32.0,75,75,18.34,broken clouds
429,Ust-Omchug,RU,61.15,149.63,33.12,92,0,5.3,clear sky
430,Robertsport,LR,6.75,-11.37,77.81,85,77,16.08,moderate rain
431,Kirundo,BI,-2.58,30.17,75.2,53,75,6.93,broken clouds
432,Bandar-E Anzali,IR,37.47,49.46,80.6,69,20,6.93,few clouds
433,Springbok,ZA,-29.66,17.89,44.4,63,98,17.98,light rain
434,Polunochnoye,RU,60.87,60.42,63.68,78,100,6.17,light rain
435,Mugur-Aksy,RU,50.35,90.5,42.13,81,100,4.61,overcast clouds
436,Christchurch,NZ,-43.53,172.63,59.0,33,17,12.75,few clouds
437,Pombas,CV,17.15,-25.02,87.8,62,75,13.87,broken clouds
438,Los Alamos,US,35.89,-106.31,66.0,63,1,2.46,clear sky
439,Itoman,JP,26.12,127.67,84.2,83,20,10.29,few clouds
440,Moron,AR,-34.65,-58.62,57.99,95,100,8.99,overcast clouds
441,Mon,IN,26.75,95.1,72.99,93,100,2.21,light rain
442,Lakatoro,VU,-16.1,167.42,76.08,87,90,11.72,light rain
443,Santa Cecilia,BR,-26.96,-50.43,76.46,45,0,3.11,clear sky
444,Kupang,ID,-10.17,123.58,74.53,78,29,12.26,scattered clouds
445,Nyahururu,KE,0.04,36.37,60.66,85,42,4.29,moderate rain
446,Belmonte,BR,-15.86,-38.88,78.8,65,40,9.17,scattered clouds
447,Auki,SB,-8.77,160.7,78.1,85,100,4.32,overcast clouds
448,Marsh Harbour,BS,26.54,-77.06,84.65,68,96,7.09,overcast clouds
449,Ulverstone,AU,-41.15,146.17,46.0,89,0,1.92,clear sky
450,Piopio,NZ,-38.47,175.02,51.01,92,37,1.66,scattered clouds
451,Verkhniy Landekh,RU,56.84,42.6,61.43,79,64,11.05,broken clouds
452,Roblin,CA,51.23,-101.36,52.63,81,40,1.7,scattered clouds
453,Oxford,GB,51.75,-1.26,59.0,62,40,16.11,scattered clouds
454,Buta,CD,2.79,24.73,86.52,51,47,3.0,scattered clouds
455,Manokwari,ID,-0.87,134.08,75.65,88,100,5.86,moderate rain
456,Cuenca,EC,-2.88,-78.98,55.4,87,75,2.77,broken clouds
457,Taoudenni,ML,22.68,-3.98,112.42,13,0,18.45,clear sky
458,Iguape,BR,-24.71,-47.56,77.47,62,0,1.34,clear sky
459,Kiama,AU,-34.68,150.87,60.01,56,0,8.99,clear sky
460,Antofagasta,CL,-23.65,-70.4,55.4,71,90,6.93,overcast clouds
461,Caravelas,BR,-17.71,-39.25,80.31,61,14,6.98,few clouds
462,Dwarka,IN,22.24,68.97,82.31,84,100,19.57,moderate rain
463,Carutapera,BR,-1.2,-46.02,85.82,64,87,12.28,overcast clouds
464,Turayf,SA,31.67,38.66,102.2,15,0,4.7,clear sky
465,Howard Springs,AU,-12.5,131.05,75.2,57,99,1.12,overcast clouds
466,Kayunga,UG,0.7,32.89,72.52,74,96,3.47,light rain
467,Khandyga,RU,62.67,135.6,47.7,52,98,3.89,overcast clouds
468,Westport,US,41.14,-73.36,75.2,88,90,5.82,overcast clouds
469,Chuy,UY,-33.7,-53.46,60.87,92,96,3.04,overcast clouds
470,Sinnamary,GF,5.38,-52.95,86.59,65,61,8.46,broken clouds
471,Celestun,MX,20.87,-90.4,81.88,79,93,12.53,overcast clouds
472,Salisbury,GB,51.07,-1.8,63.0,55,51,16.11,broken clouds
473,La Ronge,CA,55.1,-105.28,55.4,93,75,8.05,broken clouds
474,Sabang,ID,5.89,95.32,83.75,71,91,3.4,light rain
475,Ambatofinandrahana,MG,-20.55,46.8,68.56,53,8,15.57,clear sky
476,Pundaguitan,PH,6.37,126.17,84.04,78,100,14.63,overcast clouds
477,Etchojoa,MX,26.92,-109.63,84.99,70,97,8.01,overcast clouds
478,Ilulissat,GL,69.22,-51.1,44.6,70,20,4.7,few clouds
479,San Jeronimo,PE,-11.95,-75.28,55.35,52,4,1.48,clear sky
480,Rawson,AR,-43.3,-65.1,42.15,55,0,15.93,clear sky
481,Asfi,MA,32.3,-9.24,73.18,65,0,27.16,clear sky
482,Eyl,SO,7.98,49.82,83.52,58,6,26.49,clear sky
483,Padang,ID,-0.95,100.35,79.07,80,94,4.18,light rain
484,Hualmay,PE,-11.1,-77.61,63.43,77,79,7.47,broken clouds
485,Baillif,GP,16.02,-61.75,87.8,58,75,13.87,broken clouds
486,Barras,BR,-4.24,-42.29,97.39,28,0,8.32,clear sky
487,Vicksburg,US,32.35,-90.88,84.2,100,90,5.82,overcast clouds
488,Vardo,NO,70.37,31.11,51.8,81,40,5.82,shower rain
489,Nanma,CN,36.18,118.16,79.0,74,0,1.01,light rain
490,Gunjur,GM,13.2,-16.73,86.0,84,75,5.82,thunderstorm
491,Tilichiki,RU,60.47,166.1,42.98,83,100,4.54,overcast clouds
492,Pyrzyce,PL,53.15,14.89,75.0,43,92,10.29,overcast clouds
493,Surman,LY,32.76,12.57,92.98,32,0,15.82,clear sky
494,Bembereke,BJ,10.23,2.66,79.65,76,77,6.58,light rain
495,Saint-Georges,GD,12.06,-61.75,86.0,74,40,9.17,scattered clouds
496,Humberto De Campos,BR,-2.6,-43.46,90.91,45,0,9.6,clear sky
497,Bay Roberts,CA,47.6,-53.26,64.0,100,0,4.0,clear sky
498,Lamar,US,33.67,-95.58,82.0,88,1,8.05,clear sky
499,Sangar,RU,63.92,127.47,59.56,53,100,12.55,overcast clouds
500,Barcelos,PT,41.54,-8.62,75.0,68,20,16.11,few clouds
501,Concordia,AR,-31.39,-58.02,59.0,100,90,6.93,fog
502,Atasu,KZ,48.68,71.64,71.31,33,0,11.12,clear sky
503,Grindavik,IS,63.84,-22.43,51.8,81,75,11.41,broken clouds
504,Bubaque,GW,11.28,-15.83,79.63,81,100,15.9,overcast clouds
505,Turinsk,RU,58.05,63.7,72.73,81,92,5.75,overcast clouds
506,Liverpool,GB,53.41,-2.98,61.0,62,40,12.75,scattered clouds
507,Lerwick,GB,60.15,-1.15,53.6,62,75,14.99,broken clouds
508,Itaituba,BR,-4.28,-55.98,84.2,74,40,5.82,scattered clouds
509,Fairbanks,US,64.84,-147.72,48.2,100,90,4.7,mist
510,Espinosa,BR,-14.93,-42.82,84.58,27,0,11.63,clear sky
511,Santiago De Cao,PE,-7.96,-79.24,63.03,81,61,8.14,broken clouds
512,Villarrica,PY,-25.75,-56.43,85.59,41,0,8.32,clear sky
513,Hrubieszow,PL,50.8,23.89,80.56,60,100,9.17,overcast clouds
514,Nexo,DK,55.06,15.13,66.2,77,4,14.99,clear sky
515,Laguna,US,38.42,-121.42,63.0,77,1,4.7,haze
516,Khasan,RU,42.43,130.64,67.66,95,100,9.13,overcast clouds
517,Buin,CL,-33.73,-70.75,53.01,75,20,1.86,few clouds
518,Abalak,RU,58.13,68.59,65.66,70,32,4.88,scattered clouds
519,Zvishavane,ZW,-20.33,30.07,95.47,10,52,4.21,broken clouds
520,Coahuayana,MX,18.73,-103.68,69.8,83,90,2.71,overcast clouds
521,Medgyesegyhaza,HU,46.5,21.03,96.01,29,0,13.87,clear sky
522,Lata,PT,40.16,-8.33,79.0,57,0,7.0,clear sky
523,Johnson City,US,36.31,-82.35,73.4,94,90,9.17,overcast clouds
524,Verkhoyansk,RU,67.54,133.38,47.37,58,0,3.0,clear sky
525,Ormara,PK,25.21,64.64,81.88,87,20,16.44,few clouds
526,Kadhan,PK,24.48,68.99,87.51,76,100,14.97,moderate rain
527,Lerik,AZ,38.77,48.41,82.4,61,41,8.05,scattered clouds
528,Sambava,MG,-14.27,50.17,76.14,68,3,13.98,clear sky
529,Marystown,CA,47.17,-55.15,63.0,100,0,11.99,light rain
530,Las Margaritas,MX,16.32,-91.98,67.17,86,0,1.61,clear sky
531,Velingara,SN,13.15,-14.12,80.83,84,100,5.35,light rain
532,Kieta,PG,-6.22,155.63,78.28,79,99,4.76,overcast clouds
533,Nantucket,US,41.28,-70.1,71.6,100,90,16.11,mist
534,Yeniseysk,RU,58.45,92.17,54.45,88,0,2.33,clear sky
535,Ponta Do Sol,PT,32.67,-17.1,77.0,61,2,8.75,clear sky
536,Brownsville,US,25.9,-97.5,87.01,88,1,5.82,clear sky
537,Fuerte,PH,17.54,120.36,81.28,78,100,4.7,overcast clouds
538,Flinders,AU,-34.58,150.86,60.01,78,0,1.01,clear sky
539,Taltal,CL,-25.4,-70.48,63.25,48,0,5.64,clear sky
540,Jaque,PA,7.52,-78.17,80.38,79,48,4.81,moderate rain
541,Kismayo,SO,-0.36,42.55,80.08,71,0,14.79,clear sky
542,Duxbury,US,42.04,-70.67,75.2,88,90,10.29,light rain
543,Gwadar,PK,25.12,62.33,81.82,85,46,18.34,scattered clouds
544,Teya,RU,60.38,92.63,53.35,88,86,2.53,overcast clouds
545,Svetlogorsk,BY,52.63,29.73,73.17,58,31,11.39,scattered clouds
546,Kargasok,RU,59.06,80.86,58.62,93,14,5.55,light rain
547,Kulhudhuffushi,MV,6.62,73.07,83.37,70,99,9.26,overcast clouds
548,Mayumba,GA,-3.43,10.66,74.05,90,100,11.59,light rain
549,Sterling,US,39.01,-77.43,75.0,100,90,6.93,light rain
550,Zyryanskoye,RU,56.83,86.63,58.28,93,99,7.29,moderate rain
551,Ishim,RU,56.11,69.49,71.33,68,7,0.29,clear sky
552,Enrile,PH,17.56,121.7,78.6,83,100,2.17,overcast clouds
553,Minab,IR,27.15,57.08,102.2,35,62,4.7,broken clouds
554,North Bay,CA,46.32,-79.47,59.0,93,90,12.75,light rain
555,Qaqortoq,GL,60.72,-46.03,60.8,31,75,16.11,broken clouds
556,Trairi,BR,-3.28,-39.27,87.85,52,42,17.83,scattered clouds
557,San Carlos De Bariloche,AR,-41.15,-71.31,35.6,47,20,18.34,few clouds
558,Khani,GE,41.96,42.96,84.2,58,7,5.82,clear sky
559,Katsuura,JP,35.13,140.3,82.4,88,75,11.41,broken clouds
560,Am Timan,TD,11.03,20.28,84.52,71,98,4.09,overcast clouds
561,Broken Hill,AU,-31.95,141.43,55.4,30,0,10.29,clear sky
562,Hirara,JP,24.8,125.28,84.09,84,72,13.89,broken clouds
563,Uvat,RU,59.14,68.9,61.83,68,87,1.79,overcast clouds
564,Chunskiy,RU,56.08,99.63,55.99,89,100,2.13,overcast clouds
565,Gayny,RU,60.31,54.32,61.12,96,83,2.59,broken clouds
566,Ayni,TJ,39.39,68.54,68.97,41,47,5.08,light rain
567,Parvatipuram,IN,18.78,83.43,80.26,86,88,3.96,moderate rain
568,Wakkanai,JP,45.41,141.67,58.51,79,100,24.32,overcast clouds
569,Osmena,PH,10.52,119.93,82.06,79,100,7.14,light rain
570,Mwense,ZM,-10.38,28.7,96.39,15,43,1.14,scattered clouds
571,Tarakan,ID,3.3,117.63,83.59,75,0,11.59,clear sky
572,Santa Rosa,PH,14.31,121.11,86.0,74,100,9.17,light rain
573,Faro,PT,37.02,-7.93,84.2,20,0,17.22,clear sky
574,Karatau,KZ,43.17,70.47,77.04,29,0,10.65,clear sky
575,Esna,EG,25.29,32.55,104.0,24,0,4.7,clear sky
576,Obihiro,JP,42.92,143.2,57.24,91,100,6.91,light rain
577,Srednekolymsk,RU,67.45,153.68,38.19,90,40,4.25,scattered clouds
578,Maldonado,UY,-34.67,-54.92,59.0,100,90,3.36,mist
579,Bobrovskiy,RU,56.67,60.98,80.6,42,20,6.71,few clouds
580,Salalah,OM,17.02,54.09,77.0,94,90,9.17,overcast clouds
581,Zemio,CF,5.03,25.14,80.33,87,98,3.47,moderate rain
582,Pangnirtung,CA,66.15,-65.71,51.8,62,5,6.93,clear sky
583,Mantua,IT,45.17,10.78,71.6,94,75,12.75,light rain
584,Cairns,AU,-16.92,145.77,68.0,94,90,18.34,light intensity shower rain
585,Cabra,ES,37.47,-4.44,81.0,22,0,3.0,clear sky
586,Maragogi,BR,-9.01,-35.22,80.62,74,3,16.13,clear sky
587,Mkushi,ZM,-13.62,29.39,91.47,12,0,8.77,clear sky
588,Zaragoza,ES,41.66,-0.88,75.2,33,20,24.16,few clouds
589,Pimentel,PE,-6.84,-79.93,62.6,82,20,9.17,few clouds
590,Arawa,PG,-6.21,155.54,76.46,81,99,3.42,overcast clouds
591,Sao Gabriel Da Cachoeira,BR,-0.13,-67.09,82.0,89,99,1.57,moderate rain
592,Sahuaripa,MX,29.05,-109.23,78.08,83,50,2.48,scattered clouds
593,Cheremukhovo,RU,60.35,59.99,65.34,84,100,3.38,light rain
594,Keti Bandar,PK,24.14,67.45,83.07,84,100,20.67,overcast clouds
595,Garowe,SO,8.41,48.48,92.46,33,42,20.45,scattered clouds
596,Pemba,MZ,-12.97,40.52,77.74,74,82,13.2,broken clouds
597,Hyeres,FR,43.12,6.12,75.2,78,100,2.24,light rain
598,Ukiah,US,39.15,-123.21,60.01,82,90,4.7,overcast clouds
599,Santa Fe,AR,-31.63,-60.7,64.4,88,90,24.16,overcast clouds
600,Mount Pleasant,US,32.79,-79.86,86.0,79,75,12.75,broken clouds
601,Kjopsvik,NO,68.1,16.37,55.4,54,87,6.93,overcast clouds
602,Kiruna,SE,67.86,20.23,51.8,57,100,9.17,overcast clouds
603,Chapais,CA,49.78,-74.85,51.8,71,90,9.17,overcast clouds
604,Pizarro,CO,4.95,-77.37,75.78,91,100,6.78,light rain
605,Araouane,ML,18.9,-3.53,94.6,41,98,13.87,overcast clouds
606,Teluk Nibung,ID,3.0,99.82,79.95,78,2,2.04,clear sky
607,Formosa,AR,-26.18,-58.18,84.2,42,0,9.17,smoke
608,Pochutla,MX,15.74,-96.47,77.0,64,90,1.59,overcast clouds
609,Stolin,BY,51.89,26.85,76.69,58,47,10.94,scattered clouds
610,Dali,CN,25.7,100.18,64.96,82,100,3.58,overcast clouds
611,Sunyani,GH,7.34,-2.33,85.12,57,81,5.73,light rain
612,Gambela,ET,8.25,34.58,76.82,83,97,3.49,overcast clouds
613,Vaitape,PF,-16.52,-151.75,77.85,79,38,25.41,light rain
614,Ternate,ID,0.8,127.4,80.74,79,100,5.61,light rain
615,Makakilo City,US,21.35,-158.09,78.8,69,1,4.7,clear sky
616,Suamico,US,44.63,-88.04,66.99,72,1,9.17,clear sky
617,Ballitoville,ZA,-29.54,31.21,68.0,77,75,8.05,broken clouds
618,Beloha,MG,-25.17,45.05,83.8,39,76,11.18,broken clouds
619,Sile,TR,41.18,29.61,81.0,66,0,5.99,clear sky
620,Gigmoto,PH,13.78,124.39,77.95,74,100,5.48,moderate rain
621,High Rock,BS,26.62,-78.28,82.4,88,40,3.36,shower rain
622,Manado,ID,1.49,124.85,80.6,69,20,3.36,few clouds
623,Santa Marta,CO,11.24,-74.2,86.0,79,40,4.7,scattered clouds
624,Barranca,PE,-10.75,-77.77,62.98,79,99,6.85,overcast clouds
625,Rockland,US,41.17,-74.05,73.0,96,100,6.17,light rain
626,Prestea,GH,5.43,-2.14,85.75,57,86,9.66,light rain
627,Talnakh,RU,69.49,88.4,60.8,77,40,2.24,scattered clouds
628,Boyuibe,BO,-20.42,-63.28,85.33,29,0,9.24,clear sky
629,Igarka,RU,67.47,86.58,57.81,71,0,5.66,clear sky
630,Kragujevac,RS,44.02,20.92,91.4,49,20,6.93,few clouds
631,Methoni,GR,36.82,21.7,88.0,48,0,12.75,clear sky
632,Moree,AU,-29.47,149.85,50.0,66,0,6.93,clear sky
633,Khatassy,RU,61.9,129.64,59.0,47,100,4.47,overcast clouds
634,Bagaces,CR,10.53,-85.25,75.2,100,75,3.36,fog
635,Bartica,GY,6.4,-58.62,84.2,79,40,2.24,scattered clouds
636,Henties Bay,NA,-22.12,14.28,63.0,68,0,14.0,clear sky
637,Yulara,AU,-25.24,130.99,60.8,21,1,4.7,clear sky
638,Derzhavinsk,KZ,51.1,66.32,79.05,33,8,4.97,clear sky
639,Ojinaga,MX,29.57,-104.42,89.6,33,1,10.29,clear sky
640,Sorong,ID,-0.88,131.25,77.41,89,100,10.85,moderate rain
641,Mehamn,NO,71.04,27.85,50.04,65,17,3.8,few clouds
642,Takoradi,GH,4.88,-1.76,79.32,73,81,14.03,broken clouds
643,Fairview,US,40.81,-74.0,78.01,88,90,9.26,overcast clouds
644,Yueyang,CN,29.33,113.09,77.79,71,0,6.08,clear sky
645,Bolanos De Calatrava,ES,38.91,-3.66,75.99,25,42,5.01,scattered clouds
646,Qiyang,CN,26.59,111.85,80.26,63,5,2.77,light rain
647,Tavricheskoye,RU,54.59,73.64,78.8,36,75,4.47,broken clouds
648,Bilma,NE,18.69,12.92,100.54,24,92,4.99,overcast clouds
649,Davila,PH,18.47,120.58,82.36,77,100,10.42,overcast clouds
650,Inongo,CD,-1.95,18.27,77.59,71,47,2.51,light rain
651,Bumba,CD,2.18,22.47,83.28,61,90,4.09,overcast clouds
652,Adelaide,AU,-34.93,138.6,64.99,23,85,16.11,overcast clouds
653,Solnechnyy,RU,50.72,136.63,50.61,69,100,2.68,overcast clouds
654,Kysyl-Syr,RU,63.9,122.76,55.24,75,100,2.57,light rain
655,Katete,UG,-0.78,29.75,72.64,78,93,1.99,moderate rain
656,Rio Bueno,CL,-40.32,-72.97,32.0,68,42,1.68,scattered clouds
657,Mecca,SA,21.43,39.83,103.89,16,0,23.55,clear sky
658,Oktyabrskoye,RU,43.06,44.74,78.8,54,40,4.47,scattered clouds
659,Koutiala,ML,12.39,-5.46,83.19,70,100,11.18,overcast clouds
660,Mumford,GH,5.26,-0.76,78.24,76,60,14.03,broken clouds
661,Alofi,NU,-19.06,-169.92,75.2,78,65,12.75,broken clouds
662,Tamala,RU,52.54,43.25,71.28,51,74,13.38,broken clouds
663,Tak,TH,16.58,98.83,68.65,100,74,1.86,broken clouds
664,Uige,AO,-7.61,15.06,71.6,73,90,6.93,overcast clouds
665,Ucluelet,CA,48.93,-125.55,53.01,87,20,2.24,few clouds
666,Quezon,PH,7.73,125.1,72.63,86,100,0.87,overcast clouds
667,Nemuro,JP,43.32,145.57,57.88,81,100,15.19,overcast clouds
668,Sibenik,HR,43.73,15.91,91.0,51,0,14.99,clear sky
669,Serowe,BW,-22.38,26.72,90.34,14,100,12.84,overcast clouds
670,Governador Dix-Sept Rosado,BR,-5.46,-37.52,95.4,30,43,16.15,scattered clouds
671,Nangomba,TZ,-10.9,38.5,89.55,35,99,8.39,overcast clouds
672,Mackenzie,CA,55.3,-123.17,35.6,93,1,4.7,clear sky
673,Bokoro,TD,12.38,17.06,85.39,63,90,9.57,light rain
674,Krasnoselkup,RU,65.7,82.47,58.26,78,45,4.36,scattered clouds
675,Krasnoturansk,RU,54.32,91.56,60.8,72,0,8.95,clear sky
676,Maxixe,MZ,-23.86,35.35,78.01,83,75,29.97,broken clouds
677,Ladario,BR,-19.0,-57.6,86.0,28,0,11.41,clear sky
678,Iquique,CL,-20.22,-70.14,59.0,67,90,8.05,overcast clouds
679,Ostrovnoy,RU,68.05,39.51,51.31,59,65,11.61,broken clouds
680,Smithers,CA,54.78,-127.17,42.8,93,90,2.24,overcast clouds
681,Larsnes,NO,62.2,5.58,55.0,80,38,11.01,scattered clouds
682,Peniche,PT,39.36,-9.38,75.0,67,0,11.99,clear sky
683,Cockburn Town,TC,21.46,-71.14,82.96,76,3,9.35,clear sky
684,Yatou,CN,37.15,122.38,72.03,94,7,4.32,clear sky
685,Verkhnyaya Inta,RU,65.98,60.31,52.59,61,100,12.33,overcast clouds
686,Kandrian,PG,-6.22,149.55,77.29,87,57,9.57,broken clouds
687,Tukrah,LY,32.53,20.58,84.58,53,0,13.69,clear sky
688,Chegem,RU,43.28,43.13,82.4,37,75,4.47,broken clouds
689,Kingsport,US,36.55,-82.56,73.99,94,90,10.29,overcast clouds
690,Sao Felix Do Xingu,BR,-6.64,-51.99,96.71,27,76,5.64,broken clouds
691,Panaba,MX,21.28,-88.27,83.93,77,100,11.56,overcast clouds
692,Aginskoye,RU,51.1,114.53,50.18,80,100,6.78,overcast clouds
693,Kharan,PK,28.58,65.42,93.65,10,0,6.96,clear sky
694,Oyem,GA,1.6,11.58,78.73,67,62,4.54,light rain
695,Coquimbo,CL,-29.95,-71.34,51.8,62,13,8.05,few clouds
696,Puerto Narino,CO,-3.77,-70.38,77.0,94,75,1.79,broken clouds
697,Pokhara,NP,28.23,83.98,73.15,84,99,0.65,overcast clouds
698,Campoverde,PE,-8.48,-74.81,80.6,69,20,3.36,few clouds
699,La Asuncion,VE,11.03,-63.86,82.4,83,1,6.93,clear sky
700,Abilene,US,32.45,-99.73,87.8,43,1,6.93,clear sky
701,Benjamin Constant,BR,-4.38,-70.03,77.0,83,95,3.36,overcast clouds
702,Sola,VU,-13.88,167.55,79.54,84,100,20.71,moderate rain
703,Sistranda,NO,63.73,8.83,57.2,62,40,11.41,scattered clouds
